Time,Fp1,Fp2,O1,O2
0.000000000000000000e+00,0.000000000000000000e+00,0.000000000000000000e+00,0.000000000000000000e+00
0.000000000000000000e+00,0.000000000000000000e+00,0.000000000000000000e+00,0.000000000000000000e+00
0.000000000000000000e+00,0.000000000000000000e+00,0.000000000000000000e+00,0.000000000000000000e+00
0.000000000000000000e+00,0.000000000000000000e+00,0.000000000000000000e+00,0.000000000000000000e+00
0.000000000000000000e+00,0.000000000000000000e+00,0.000000000000000000e+00,0.000000000000000000e+00
0.000000000000000000e+00,0.000000000000000000e+00,0.000000000000000000e+00,0.000000000000000000e+00
0.000000000000000000e+00,0.000000000000000000e+00,0.000000000000000000e+00,0.000000000000000000e+00
0.000000000000000000e+00,0.000000000000000000e+00,0.000000000000000000e+00,0.000000000000000000e+00
0.000000000000000000e+00,0.000000000000000000e+00,0.000000000000000000e+00,0.000000000000000000e+00
0.000000000000000000e+00,0.000000000000000000e+00,0.000000000000000000e+00,0.000000000000000000e+00
0.000000000000000000e+00,0.000000000000000000e+00,0.000000000000000000e+00,0.000000000000000000e+00
0.000000000000000000e+00,0.000000000000000000e+00,0.000000000000000000e+00,0.000000000000000000e+00
0.000000000000000000e+00,0.000000000000000000e+00,0.000000000000000000e+00,0.000000000000000000e+00
0.000000000000000000e+00,0.000000000000000000e+00,0.000000000000000000e+00,0.000000000000000000e+00
0.000000000000000000e+00,0.000000000000000000e+00,0.000000000000000000e+00,0.000000000000000000e+00
0.000000000000000000e+00,0.000000000000000000e+00,0.000000000000000000e+00,0.000000000000000000e+00
0.000000000000000000e+00,0.000000000000000000e+00,0.000000000000000000e+00,0.000000000000000000e+00
0.000000000000000000e+00,0.000000000000000000e+00,0.000000000000000000e+00,0.000000000000000000e+00
0.000000000000000000e+00,0.000000000000000000e+00,0.000000000000000000e+00,0.000000000000000000e+00
0.000000000000000000e+00,0.000000000000000000e+00,0.000000000000000000e+00,0.000000000000000000e+00
0.000000000000000000e+00,0.000000000000000000e+00,0.000000000000000000e+00,0.000000000000000000e+00
0.000000000000000000e+00,0.000000000000000000e+00,0.000000000000000000e+00,0.000000000000000000e+00
0.000000000000000000e+00,0.000000000000000000e+00,0.000000000000000000e+00,0.000000000000000000e+00
0.000000000000000000e+00,0.000000000000000000e+00,0.000000000000000000e+00,0.000000000000000000e+00
0.000000000000000000e+00,0.000000000000000000e+00,0.000000000000000000e+00,0.000000000000000000e+00
0.000000000000000000e+00,0.000000000000000000e+00,0.000000000000000000e+00,0.000000000000000000e+00
0.000000000000000000e+00,0.000000000000000000e+00,0.000000000000000000e+00,0.000000000000000000e+00
0.000000000000000000e+00,0.000000000000000000e+00,0.000000000000000000e+00,0.000000000000000000e+00
0.000000000000000000e+00,0.000000000000000000e+00,0.000000000000000000e+00,0.000000000000000000e+00
0.000000000000000000e+00,0.000000000000000000e+00,0.000000000000000000e+00,0.000000000000000000e+00
0.000000000000000000e+00,0.000000000000000000e+00,0.000000000000000000e+00,0.000000000000000000e+00
0.000000000000000000e+00,0.000000000000000000e+00,0.000000000000000000e+00,0.000000000000000000e+00
0.000000000000000000e+00,0.000000000000000000e+00,0.000000000000000000e+00,0.000000000000000000e+00
0.000000000000000000e+00,0.000000000000000000e+00,0.000000000000000000e+00,0.000000000000000000e+00
0.000000000000000000e+00,0.000000000000000000e+00,0.000000000000000000e+00,0.000000000000000000e+00
0.000000000000000000e+00,0.000000000000000000e+00,0.000000000000000000e+00,0.000000000000000000e+00
0.000000000000000000e+00,0.000000000000000000e+00,0.000000000000000000e+00,0.000000000000000000e+00
0.000000000000000000e+00,0.000000000000000000e+00,0.000000000000000000e+00,0.000000000000000000e+00
0.000000000000000000e+00,0.000000000000000000e+00,0.000000000000000000e+00,0.000000000000000000e+00
0.000000000000000000e+00,0.000000000000000000e+00,0.000000000000000000e+00,0.000000000000000000e+00
0.000000000000000000e+00,0.000000000000000000e+00,0.000000000000000000e+00,0.000000000000000000e+00
0.000000000000000000e+00,0.000000000000000000e+00,0.000000000000000000e+00,0.000000000000000000e+00
0.000000000000000000e+00,0.000000000000000000e+00,0.000000000000000000e+00,0.000000000000000000e+00
0.000000000000000000e+00,0.000000000000000000e+00,0.000000000000000000e+00,0.000000000000000000e+00
0.000000000000000000e+00,0.000000000000000000e+00,0.000000000000000000e+00,0.000000000000000000e+00
0.000000000000000000e+00,0.000000000000000000e+00,0.000000000000000000e+00,0.000000000000000000e+00
0.000000000000000000e+00,0.000000000000000000e+00,0.000000000000000000e+00,0.000000000000000000e+00
0.000000000000000000e+00,0.000000000000000000e+00,0.000000000000000000e+00,0.000000000000000000e+00
0.000000000000000000e+00,0.000000000000000000e+00,0.000000000000000000e+00,0.000000000000000000e+00
0.000000000000000000e+00,0.000000000000000000e+00,0.000000000000000000e+00,0.000000000000000000e+00
0.000000000000000000e+00,0.000000000000000000e+00,0.000000000000000000e+00,0.000000000000000000e+00
0.000000000000000000e+00,0.000000000000000000e+00,0.000000000000000000e+00,0.000000000000000000e+00
0.000000000000000000e+00,0.000000000000000000e+00,0.000000000000000000e+00,0.000000000000000000e+00
0.000000000000000000e+00,0.000000000000000000e+00,0.000000000000000000e+00,0.000000000000000000e+00
0.000000000000000000e+00,0.000000000000000000e+00,0.000000000000000000e+00,0.000000000000000000e+00
0.000000000000000000e+00,0.000000000000000000e+00,0.000000000000000000e+00,0.000000000000000000e+00
0.000000000000000000e+00,0.000000000000000000e+00,0.000000000000000000e+00,0.000000000000000000e+00
0.000000000000000000e+00,0.000000000000000000e+00,0.000000000000000000e+00,0.000000000000000000e+00
0.000000000000000000e+00,0.000000000000000000e+00,0.000000000000000000e+00,0.000000000000000000e+00
0.000000000000000000e+00,0.000000000000000000e+00,0.000000000000000000e+00,0.000000000000000000e+00
0.000000000000000000e+00,0.000000000000000000e+00,0.000000000000000000e+00,0.000000000000000000e+00
0.000000000000000000e+00,0.000000000000000000e+00,0.000000000000000000e+00,0.000000000000000000e+00
0.000000000000000000e+00,0.000000000000000000e+00,0.000000000000000000e+00,0.000000000000000000e+00
0.000000000000000000e+00,0.000000000000000000e+00,0.000000000000000000e+00,0.000000000000000000e+00
0.000000000000000000e+00,0.000000000000000000e+00,0.000000000000000000e+00,0.000000000000000000e+00
0.000000000000000000e+00,0.000000000000000000e+00,0.000000000000000000e+00,0.000000000000000000e+00
0.000000000000000000e+00,0.000000000000000000e+00,0.000000000000000000e+00,0.000000000000000000e+00
0.000000000000000000e+00,0.000000000000000000e+00,0.000000000000000000e+00,0.000000000000000000e+00
0.000000000000000000e+00,0.000000000000000000e+00,0.000000000000000000e+00,0.000000000000000000e+00
0.000000000000000000e+00,0.000000000000000000e+00,0.000000000000000000e+00,0.000000000000000000e+00
0.000000000000000000e+00,0.000000000000000000e+00,0.000000000000000000e+00,0.000000000000000000e+00
0.000000000000000000e+00,0.000000000000000000e+00,0.000000000000000000e+00,0.000000000000000000e+00
0.000000000000000000e+00,0.000000000000000000e+00,0.000000000000000000e+00,0.000000000000000000e+00
0.000000000000000000e+00,0.000000000000000000e+00,0.000000000000000000e+00,0.000000000000000000e+00
0.000000000000000000e+00,0.000000000000000000e+00,0.000000000000000000e+00,0.000000000000000000e+00
0.000000000000000000e+00,0.000000000000000000e+00,0.000000000000000000e+00,0.000000000000000000e+00
0.000000000000000000e+00,0.000000000000000000e+00,0.000000000000000000e+00,0.000000000000000000e+00
0.000000000000000000e+00,0.000000000000000000e+00,0.000000000000000000e+00,0.000000000000000000e+00
0.000000000000000000e+00,0.000000000000000000e+00,0.000000000000000000e+00,0.000000000000000000e+00
0.000000000000000000e+00,0.000000000000000000e+00,0.000000000000000000e+00,0.000000000000000000e+00
0.000000000000000000e+00,0.000000000000000000e+00,0.000000000000000000e+00,0.000000000000000000e+00
0.000000000000000000e+00,0.000000000000000000e+00,0.000000000000000000e+00,0.000000000000000000e+00
0.000000000000000000e+00,0.000000000000000000e+00,0.000000000000000000e+00,0.000000000000000000e+00
0.000000000000000000e+00,0.000000000000000000e+00,0.000000000000000000e+00,0.000000000000000000e+00
0.000000000000000000e+00,0.000000000000000000e+00,0.000000000000000000e+00,0.000000000000000000e+00
0.000000000000000000e+00,0.000000000000000000e+00,0.000000000000000000e+00,0.000000000000000000e+00
0.000000000000000000e+00,0.000000000000000000e+00,0.000000000000000000e+00,0.000000000000000000e+00
0.000000000000000000e+00,0.000000000000000000e+00,0.000000000000000000e+00,0.000000000000000000e+00
0.000000000000000000e+00,0.000000000000000000e+00,0.000000000000000000e+00,0.000000000000000000e+00
0.000000000000000000e+00,0.000000000000000000e+00,0.000000000000000000e+00,0.000000000000000000e+00
0.000000000000000000e+00,0.000000000000000000e+00,0.000000000000000000e+00,0.000000000000000000e+00
0.000000000000000000e+00,0.000000000000000000e+00,0.000000000000000000e+00,0.000000000000000000e+00
0.000000000000000000e+00,0.000000000000000000e+00,0.000000000000000000e+00,0.000000000000000000e+00
0.000000000000000000e+00,0.000000000000000000e+00,0.000000000000000000e+00,0.000000000000000000e+00
0.000000000000000000e+00,0.000000000000000000e+00,0.000000000000000000e+00,0.000000000000000000e+00
0.000000000000000000e+00,0.000000000000000000e+00,0.000000000000000000e+00,0.000000000000000000e+00
0.000000000000000000e+00,0.000000000000000000e+00,0.000000000000000000e+00,0.000000000000000000e+00
0.000000000000000000e+00,0.000000000000000000e+00,0.000000000000000000e+00,0.000000000000000000e+00
0.000000000000000000e+00,0.000000000000000000e+00,0.000000000000000000e+00,0.000000000000000000e+00
0.000000000000000000e+00,0.000000000000000000e+00,0.000000000000000000e+00,0.000000000000000000e+00
0.000000000000000000e+00,0.000000000000000000e+00,0.000000000000000000e+00,0.000000000000000000e+00
0.000000000000000000e+00,0.000000000000000000e+00,0.000000000000000000e+00,0.000000000000000000e+00
0.000000000000000000e+00,0.000000000000000000e+00,0.000000000000000000e+00,0.000000000000000000e+00
0.000000000000000000e+00,0.000000000000000000e+00,0.000000000000000000e+00,0.000000000000000000e+00
0.000000000000000000e+00,0.000000000000000000e+00,0.000000000000000000e+00,0.000000000000000000e+00
0.000000000000000000e+00,0.000000000000000000e+00,0.000000000000000000e+00,0.000000000000000000e+00
0.000000000000000000e+00,0.000000000000000000e+00,0.000000000000000000e+00,0.000000000000000000e+00
0.000000000000000000e+00,0.000000000000000000e+00,0.000000000000000000e+00,0.000000000000000000e+00
0.000000000000000000e+00,0.000000000000000000e+00,0.000000000000000000e+00,0.000000000000000000e+00
0.000000000000000000e+00,0.000000000000000000e+00,0.000000000000000000e+00,0.000000000000000000e+00
0.000000000000000000e+00,0.000000000000000000e+00,0.000000000000000000e+00,0.000000000000000000e+00
0.000000000000000000e+00,0.000000000000000000e+00,0.000000000000000000e+00,0.000000000000000000e+00
0.000000000000000000e+00,0.000000000000000000e+00,0.000000000000000000e+00,0.000000000000000000e+00
0.000000000000000000e+00,0.000000000000000000e+00,0.000000000000000000e+00,0.000000000000000000e+00
0.000000000000000000e+00,0.000000000000000000e+00,0.000000000000000000e+00,0.000000000000000000e+00
0.000000000000000000e+00,0.000000000000000000e+00,0.000000000000000000e+00,0.000000000000000000e+00
0.000000000000000000e+00,0.000000000000000000e+00,0.000000000000000000e+00,0.000000000000000000e+00
0.000000000000000000e+00,0.000000000000000000e+00,0.000000000000000000e+00,0.000000000000000000e+00
0.000000000000000000e+00,0.000000000000000000e+00,0.000000000000000000e+00,0.000000000000000000e+00
0.000000000000000000e+00,0.000000000000000000e+00,0.000000000000000000e+00,0.000000000000000000e+00
0.000000000000000000e+00,0.000000000000000000e+00,0.000000000000000000e+00,0.000000000000000000e+00
0.000000000000000000e+00,0.000000000000000000e+00,0.000000000000000000e+00,0.000000000000000000e+00
0.000000000000000000e+00,0.000000000000000000e+00,0.000000000000000000e+00,0.000000000000000000e+00
0.000000000000000000e+00,0.000000000000000000e+00,0.000000000000000000e+00,0.000000000000000000e+00
0.000000000000000000e+00,0.000000000000000000e+00,0.000000000000000000e+00,0.000000000000000000e+00
0.000000000000000000e+00,0.000000000000000000e+00,0.000000000000000000e+00,0.000000000000000000e+00
0.000000000000000000e+00,0.000000000000000000e+00,0.000000000000000000e+00,0.000000000000000000e+00
0.000000000000000000e+00,0.000000000000000000e+00,0.000000000000000000e+00,0.000000000000000000e+00
0.000000000000000000e+00,0.000000000000000000e+00,0.000000000000000000e+00,0.000000000000000000e+00
0.000000000000000000e+00,0.000000000000000000e+00,0.000000000000000000e+00,0.000000000000000000e+00
0.000000000000000000e+00,0.000000000000000000e+00,0.000000000000000000e+00,0.000000000000000000e+00
0.000000000000000000e+00,0.000000000000000000e+00,0.000000000000000000e+00,0.000000000000000000e+00
0.000000000000000000e+00,0.000000000000000000e+00,0.000000000000000000e+00,0.000000000000000000e+00
0.000000000000000000e+00,0.000000000000000000e+00,0.000000000000000000e+00,0.000000000000000000e+00
0.000000000000000000e+00,0.000000000000000000e+00,0.000000000000000000e+00,0.000000000000000000e+00
0.000000000000000000e+00,0.000000000000000000e+00,0.000000000000000000e+00,0.000000000000000000e+00
0.000000000000000000e+00,0.000000000000000000e+00,0.000000000000000000e+00,0.000000000000000000e+00
0.000000000000000000e+00,0.000000000000000000e+00,0.000000000000000000e+00,0.000000000000000000e+00
0.000000000000000000e+00,0.000000000000000000e+00,0.000000000000000000e+00,0.000000000000000000e+00
0.000000000000000000e+00,0.000000000000000000e+00,0.000000000000000000e+00,0.000000000000000000e+00
0.000000000000000000e+00,0.000000000000000000e+00,0.000000000000000000e+00,0.000000000000000000e+00
0.000000000000000000e+00,0.000000000000000000e+00,0.000000000000000000e+00,0.000000000000000000e+00
0.000000000000000000e+00,0.000000000000000000e+00,0.000000000000000000e+00,0.000000000000000000e+00
0.000000000000000000e+00,0.000000000000000000e+00,0.000000000000000000e+00,0.000000000000000000e+00
0.000000000000000000e+00,0.000000000000000000e+00,0.000000000000000000e+00,0.000000000000000000e+00
0.000000000000000000e+00,0.000000000000000000e+00,0.000000000000000000e+00,0.000000000000000000e+00
0.000000000000000000e+00,0.000000000000000000e+00,0.000000000000000000e+00,0.000000000000000000e+00
0.000000000000000000e+00,0.000000000000000000e+00,0.000000000000000000e+00,0.000000000000000000e+00
0.000000000000000000e+00,0.000000000000000000e+00,0.000000000000000000e+00,0.000000000000000000e+00
0.000000000000000000e+00,0.000000000000000000e+00,0.000000000000000000e+00,0.000000000000000000e+00
0.000000000000000000e+00,0.000000000000000000e+00,0.000000000000000000e+00,0.000000000000000000e+00
0.000000000000000000e+00,0.000000000000000000e+00,0.000000000000000000e+00,0.000000000000000000e+00
0.000000000000000000e+00,0.000000000000000000e+00,0.000000000000000000e+00,0.000000000000000000e+00
0.000000000000000000e+00,0.000000000000000000e+00,0.000000000000000000e+00,0.000000000000000000e+00
0.000000000000000000e+00,0.000000000000000000e+00,0.000000000000000000e+00,0.000000000000000000e+00
0.000000000000000000e+00,0.000000000000000000e+00,0.000000000000000000e+00,0.000000000000000000e+00
0.000000000000000000e+00,0.000000000000000000e+00,0.000000000000000000e+00,0.000000000000000000e+00
0.000000000000000000e+00,0.000000000000000000e+00,0.000000000000000000e+00,0.000000000000000000e+00
0.000000000000000000e+00,0.000000000000000000e+00,0.000000000000000000e+00,0.000000000000000000e+00
0.000000000000000000e+00,0.000000000000000000e+00,0.000000000000000000e+00,0.000000000000000000e+00
0.000000000000000000e+00,0.000000000000000000e+00,0.000000000000000000e+00,0.000000000000000000e+00
0.000000000000000000e+00,0.000000000000000000e+00,0.000000000000000000e+00,0.000000000000000000e+00
0.000000000000000000e+00,0.000000000000000000e+00,0.000000000000000000e+00,0.000000000000000000e+00
0.000000000000000000e+00,0.000000000000000000e+00,0.000000000000000000e+00,0.000000000000000000e+00
0.000000000000000000e+00,0.000000000000000000e+00,0.000000000000000000e+00,0.000000000000000000e+00
0.000000000000000000e+00,0.000000000000000000e+00,0.000000000000000000e+00,0.000000000000000000e+00
0.000000000000000000e+00,0.000000000000000000e+00,0.000000000000000000e+00,0.000000000000000000e+00
0.000000000000000000e+00,0.000000000000000000e+00,0.000000000000000000e+00,0.000000000000000000e+00
0.000000000000000000e+00,0.000000000000000000e+00,0.000000000000000000e+00,0.000000000000000000e+00
0.000000000000000000e+00,0.000000000000000000e+00,0.000000000000000000e+00,0.000000000000000000e+00
0.000000000000000000e+00,0.000000000000000000e+00,0.000000000000000000e+00,0.000000000000000000e+00
0.000000000000000000e+00,0.000000000000000000e+00,0.000000000000000000e+00,0.000000000000000000e+00
0.000000000000000000e+00,0.000000000000000000e+00,0.000000000000000000e+00,0.000000000000000000e+00
0.000000000000000000e+00,0.000000000000000000e+00,0.000000000000000000e+00,0.000000000000000000e+00
0.000000000000000000e+00,0.000000000000000000e+00,0.000000000000000000e+00,0.000000000000000000e+00
0.000000000000000000e+00,0.000000000000000000e+00,0.000000000000000000e+00,0.000000000000000000e+00
0.000000000000000000e+00,0.000000000000000000e+00,0.000000000000000000e+00,0.000000000000000000e+00
0.000000000000000000e+00,0.000000000000000000e+00,0.000000000000000000e+00,0.000000000000000000e+00
0.000000000000000000e+00,0.000000000000000000e+00,0.000000000000000000e+00,0.000000000000000000e+00
0.000000000000000000e+00,0.000000000000000000e+00,0.000000000000000000e+00,0.000000000000000000e+00
0.000000000000000000e+00,0.000000000000000000e+00,0.000000000000000000e+00,0.000000000000000000e+00
0.000000000000000000e+00,0.000000000000000000e+00,0.000000000000000000e+00,0.000000000000000000e+00
0.000000000000000000e+00,0.000000000000000000e+00,0.000000000000000000e+00,0.000000000000000000e+00
0.000000000000000000e+00,0.000000000000000000e+00,0.000000000000000000e+00,0.000000000000000000e+00
0.000000000000000000e+00,0.000000000000000000e+00,0.000000000000000000e+00,0.000000000000000000e+00
0.000000000000000000e+00,0.000000000000000000e+00,0.000000000000000000e+00,0.000000000000000000e+00
0.000000000000000000e+00,0.000000000000000000e+00,0.000000000000000000e+00,0.000000000000000000e+00
0.000000000000000000e+00,0.000000000000000000e+00,0.000000000000000000e+00,0.000000000000000000e+00
0.000000000000000000e+00,0.000000000000000000e+00,0.000000000000000000e+00,0.000000000000000000e+00
0.000000000000000000e+00,0.000000000000000000e+00,0.000000000000000000e+00,0.000000000000000000e+00
0.000000000000000000e+00,0.000000000000000000e+00,0.000000000000000000e+00,0.000000000000000000e+00
0.000000000000000000e+00,0.000000000000000000e+00,0.000000000000000000e+00,0.000000000000000000e+00
0.000000000000000000e+00,0.000000000000000000e+00,0.000000000000000000e+00,0.000000000000000000e+00
0.000000000000000000e+00,0.000000000000000000e+00,0.000000000000000000e+00,0.000000000000000000e+00
0.000000000000000000e+00,0.000000000000000000e+00,0.000000000000000000e+00,0.000000000000000000e+00
0.000000000000000000e+00,0.000000000000000000e+00,0.000000000000000000e+00,0.000000000000000000e+00
0.000000000000000000e+00,0.000000000000000000e+00,0.000000000000000000e+00,0.000000000000000000e+00
0.000000000000000000e+00,0.000000000000000000e+00,0.000000000000000000e+00,0.000000000000000000e+00
0.000000000000000000e+00,0.000000000000000000e+00,0.000000000000000000e+00,0.000000000000000000e+00
0.000000000000000000e+00,0.000000000000000000e+00,0.000000000000000000e+00,0.000000000000000000e+00
0.000000000000000000e+00,0.000000000000000000e+00,0.000000000000000000e+00,0.000000000000000000e+00
0.000000000000000000e+00,0.000000000000000000e+00,0.000000000000000000e+00,0.000000000000000000e+00
0.000000000000000000e+00,0.000000000000000000e+00,0.000000000000000000e+00,0.000000000000000000e+00
0.000000000000000000e+00,0.000000000000000000e+00,0.000000000000000000e+00,0.000000000000000000e+00
0.000000000000000000e+00,0.000000000000000000e+00,0.000000000000000000e+00,0.000000000000000000e+00
0.000000000000000000e+00,0.000000000000000000e+00,0.000000000000000000e+00,0.000000000000000000e+00
0.000000000000000000e+00,0.000000000000000000e+00,0.000000000000000000e+00,0.000000000000000000e+00
0.000000000000000000e+00,0.000000000000000000e+00,0.000000000000000000e+00,0.000000000000000000e+00
0.000000000000000000e+00,0.000000000000000000e+00,0.000000000000000000e+00,0.000000000000000000e+00
0.000000000000000000e+00,0.000000000000000000e+00,0.000000000000000000e+00,0.000000000000000000e+00
0.000000000000000000e+00,0.000000000000000000e+00,0.000000000000000000e+00,0.000000000000000000e+00
0.000000000000000000e+00,0.000000000000000000e+00,0.000000000000000000e+00,0.000000000000000000e+00
0.000000000000000000e+00,0.000000000000000000e+00,0.000000000000000000e+00,0.000000000000000000e+00
0.000000000000000000e+00,0.000000000000000000e+00,0.000000000000000000e+00,0.000000000000000000e+00
0.000000000000000000e+00,0.000000000000000000e+00,0.000000000000000000e+00,0.000000000000000000e+00
0.000000000000000000e+00,0.000000000000000000e+00,0.000000000000000000e+00,0.000000000000000000e+00
0.000000000000000000e+00,0.000000000000000000e+00,0.000000000000000000e+00,0.000000000000000000e+00
0.000000000000000000e+00,0.000000000000000000e+00,0.000000000000000000e+00,0.000000000000000000e+00
0.000000000000000000e+00,0.000000000000000000e+00,0.000000000000000000e+00,0.000000000000000000e+00
0.000000000000000000e+00,0.000000000000000000e+00,0.000000000000000000e+00,0.000000000000000000e+00
0.000000000000000000e+00,0.000000000000000000e+00,0.000000000000000000e+00,0.000000000000000000e+00
0.000000000000000000e+00,0.000000000000000000e+00,0.000000000000000000e+00,0.000000000000000000e+00
0.000000000000000000e+00,0.000000000000000000e+00,0.000000000000000000e+00,0.000000000000000000e+00
0.000000000000000000e+00,0.000000000000000000e+00,0.000000000000000000e+00,0.000000000000000000e+00
0.000000000000000000e+00,0.000000000000000000e+00,0.000000000000000000e+00,0.000000000000000000e+00
0.000000000000000000e+00,0.000000000000000000e+00,0.000000000000000000e+00,0.000000000000000000e+00
0.000000000000000000e+00,0.000000000000000000e+00,0.000000000000000000e+00,0.000000000000000000e+00
0.000000000000000000e+00,0.000000000000000000e+00,0.000000000000000000e+00,0.000000000000000000e+00
0.000000000000000000e+00,0.000000000000000000e+00,0.000000000000000000e+00,0.000000000000000000e+00
0.000000000000000000e+00,0.000000000000000000e+00,0.000000000000000000e+00,0.000000000000000000e+00
0.000000000000000000e+00,0.000000000000000000e+00,0.000000000000000000e+00,0.000000000000000000e+00
0.000000000000000000e+00,0.000000000000000000e+00,0.000000000000000000e+00,0.000000000000000000e+00
0.000000000000000000e+00,0.000000000000000000e+00,0.000000000000000000e+00,0.000000000000000000e+00
0.000000000000000000e+00,0.000000000000000000e+00,0.000000000000000000e+00,0.000000000000000000e+00
0.000000000000000000e+00,0.000000000000000000e+00,0.000000000000000000e+00,0.000000000000000000e+00
0.000000000000000000e+00,0.000000000000000000e+00,0.000000000000000000e+00,0.000000000000000000e+00
0.000000000000000000e+00,0.000000000000000000e+00,0.000000000000000000e+00,0.000000000000000000e+00
0.000000000000000000e+00,0.000000000000000000e+00,0.000000000000000000e+00,0.000000000000000000e+00
0.000000000000000000e+00,0.000000000000000000e+00,0.000000000000000000e+00,0.000000000000000000e+00
0.000000000000000000e+00,0.000000000000000000e+00,0.000000000000000000e+00,0.000000000000000000e+00
0.000000000000000000e+00,0.000000000000000000e+00,0.000000000000000000e+00,0.000000000000000000e+00
0.000000000000000000e+00,0.000000000000000000e+00,0.000000000000000000e+00,0.000000000000000000e+00
0.000000000000000000e+00,0.000000000000000000e+00,0.000000000000000000e+00,0.000000000000000000e+00
0.000000000000000000e+00,0.000000000000000000e+00,0.000000000000000000e+00,0.000000000000000000e+00
0.000000000000000000e+00,0.000000000000000000e+00,0.000000000000000000e+00,0.000000000000000000e+00
0.000000000000000000e+00,0.000000000000000000e+00,0.000000000000000000e+00,0.000000000000000000e+00
0.000000000000000000e+00,0.000000000000000000e+00,0.000000000000000000e+00,0.000000000000000000e+00
0.000000000000000000e+00,0.000000000000000000e+00,0.000000000000000000e+00,0.000000000000000000e+00
0.000000000000000000e+00,0.000000000000000000e+00,0.000000000000000000e+00,0.000000000000000000e+00
0.000000000000000000e+00,0.000000000000000000e+00,0.000000000000000000e+00,0.000000000000000000e+00
0.000000000000000000e+00,0.000000000000000000e+00,0.000000000000000000e+00,0.000000000000000000e+00
0.000000000000000000e+00,0.000000000000000000e+00,0.000000000000000000e+00,0.000000000000000000e+00
0.000000000000000000e+00,0.000000000000000000e+00,0.000000000000000000e+00,0.000000000000000000e+00
0.000000000000000000e+00,0.000000000000000000e+00,0.000000000000000000e+00,0.000000000000000000e+00
0.000000000000000000e+00,0.000000000000000000e+00,0.000000000000000000e+00,0.000000000000000000e+00
0.000000000000000000e+00,0.000000000000000000e+00,0.000000000000000000e+00,0.000000000000000000e+00
0.000000000000000000e+00,0.000000000000000000e+00,0.000000000000000000e+00,0.000000000000000000e+00
0.000000000000000000e+00,0.000000000000000000e+00,0.000000000000000000e+00,0.000000000000000000e+00
0.000000000000000000e+00,0.000000000000000000e+00,0.000000000000000000e+00,0.000000000000000000e+00
0.000000000000000000e+00,0.000000000000000000e+00,0.000000000000000000e+00,0.000000000000000000e+00
0.000000000000000000e+00,0.000000000000000000e+00,0.000000000000000000e+00,0.000000000000000000e+00
0.000000000000000000e+00,0.000000000000000000e+00,0.000000000000000000e+00,0.000000000000000000e+00
0.000000000000000000e+00,0.000000000000000000e+00,0.000000000000000000e+00,0.000000000000000000e+00
0.000000000000000000e+00,0.000000000000000000e+00,0.000000000000000000e+00,0.000000000000000000e+00
0.000000000000000000e+00,0.000000000000000000e+00,0.000000000000000000e+00,0.000000000000000000e+00
0.000000000000000000e+00,0.000000000000000000e+00,0.000000000000000000e+00,0.000000000000000000e+00
0.000000000000000000e+00,0.000000000000000000e+00,0.000000000000000000e+00,0.000000000000000000e+00
0.000000000000000000e+00,0.000000000000000000e+00,0.000000000000000000e+00,0.000000000000000000e+00
0.000000000000000000e+00,0.000000000000000000e+00,0.000000000000000000e+00,0.000000000000000000e+00
0.000000000000000000e+00,0.000000000000000000e+00,0.000000000000000000e+00,0.000000000000000000e+00
0.000000000000000000e+00,0.000000000000000000e+00,0.000000000000000000e+00,0.000000000000000000e+00
0.000000000000000000e+00,0.000000000000000000e+00,0.000000000000000000e+00,0.000000000000000000e+00
0.000000000000000000e+00,0.000000000000000000e+00,0.000000000000000000e+00,0.000000000000000000e+00
0.000000000000000000e+00,0.000000000000000000e+00,0.000000000000000000e+00,0.000000000000000000e+00
0.000000000000000000e+00,0.000000000000000000e+00,0.000000000000000000e+00,0.000000000000000000e+00
0.000000000000000000e+00,0.000000000000000000e+00,0.000000000000000000e+00,0.000000000000000000e+00
0.000000000000000000e+00,0.000000000000000000e+00,0.000000000000000000e+00,0.000000000000000000e+00
0.000000000000000000e+00,0.000000000000000000e+00,0.000000000000000000e+00,0.000000000000000000e+00
0.000000000000000000e+00,0.000000000000000000e+00,0.000000000000000000e+00,0.000000000000000000e+00
0.000000000000000000e+00,0.000000000000000000e+00,0.000000000000000000e+00,0.000000000000000000e+00
0.000000000000000000e+00,0.000000000000000000e+00,0.000000000000000000e+00,0.000000000000000000e+00
0.000000000000000000e+00,0.000000000000000000e+00,0.000000000000000000e+00,0.000000000000000000e+00
0.000000000000000000e+00,0.000000000000000000e+00,0.000000000000000000e+00,0.000000000000000000e+00
0.000000000000000000e+00,0.000000000000000000e+00,0.000000000000000000e+00,0.000000000000000000e+00
0.000000000000000000e+00,0.000000000000000000e+00,0.000000000000000000e+00,0.000000000000000000e+00
0.000000000000000000e+00,0.000000000000000000e+00,0.000000000000000000e+00,0.000000000000000000e+00
0.000000000000000000e+00,0.000000000000000000e+00,0.000000000000000000e+00,0.000000000000000000e+00
0.000000000000000000e+00,0.000000000000000000e+00,0.000000000000000000e+00,0.000000000000000000e+00
0.000000000000000000e+00,0.000000000000000000e+00,0.000000000000000000e+00,0.000000000000000000e+00
0.000000000000000000e+00,0.000000000000000000e+00,0.000000000000000000e+00,0.000000000000000000e+00
0.000000000000000000e+00,0.000000000000000000e+00,0.000000000000000000e+00,0.000000000000000000e+00
0.000000000000000000e+00,0.000000000000000000e+00,0.000000000000000000e+00,0.000000000000000000e+00
0.000000000000000000e+00,0.000000000000000000e+00,0.000000000000000000e+00,0.000000000000000000e+00
0.000000000000000000e+00,0.000000000000000000e+00,0.000000000000000000e+00,0.000000000000000000e+00
0.000000000000000000e+00,0.000000000000000000e+00,0.000000000000000000e+00,0.000000000000000000e+00
0.000000000000000000e+00,0.000000000000000000e+00,0.000000000000000000e+00,0.000000000000000000e+00
0.000000000000000000e+00,0.000000000000000000e+00,0.000000000000000000e+00,0.000000000000000000e+00
0.000000000000000000e+00,0.000000000000000000e+00,0.000000000000000000e+00,0.000000000000000000e+00
0.000000000000000000e+00,0.000000000000000000e+00,0.000000000000000000e+00,0.000000000000000000e+00
0.000000000000000000e+00,0.000000000000000000e+00,0.000000000000000000e+00,0.000000000000000000e+00
0.000000000000000000e+00,0.000000000000000000e+00,0.000000000000000000e+00,0.000000000000000000e+00
0.000000000000000000e+00,0.000000000000000000e+00,0.000000000000000000e+00,0.000000000000000000e+00
0.000000000000000000e+00,0.000000000000000000e+00,0.000000000000000000e+00,0.000000000000000000e+00
0.000000000000000000e+00,0.000000000000000000e+00,0.000000000000000000e+00,0.000000000000000000e+00
0.000000000000000000e+00,0.000000000000000000e+00,0.000000000000000000e+00,0.000000000000000000e+00
0.000000000000000000e+00,0.000000000000000000e+00,0.000000000000000000e+00,0.000000000000000000e+00
0.000000000000000000e+00,0.000000000000000000e+00,0.000000000000000000e+00,0.000000000000000000e+00
0.000000000000000000e+00,0.000000000000000000e+00,0.000000000000000000e+00,0.000000000000000000e+00
0.000000000000000000e+00,0.000000000000000000e+00,0.000000000000000000e+00,0.000000000000000000e+00
0.000000000000000000e+00,0.000000000000000000e+00,0.000000000000000000e+00,0.000000000000000000e+00
0.000000000000000000e+00,0.000000000000000000e+00,0.000000000000000000e+00,0.000000000000000000e+00
0.000000000000000000e+00,0.000000000000000000e+00,0.000000000000000000e+00,0.000000000000000000e+00
0.000000000000000000e+00,0.000000000000000000e+00,0.000000000000000000e+00,0.000000000000000000e+00
0.000000000000000000e+00,0.000000000000000000e+00,0.000000000000000000e+00,0.000000000000000000e+00
0.000000000000000000e+00,0.000000000000000000e+00,0.000000000000000000e+00,0.000000000000000000e+00
0.000000000000000000e+00,0.000000000000000000e+00,0.000000000000000000e+00,0.000000000000000000e+00
0.000000000000000000e+00,0.000000000000000000e+00,0.000000000000000000e+00,0.000000000000000000e+00
0.000000000000000000e+00,0.000000000000000000e+00,0.000000000000000000e+00,0.000000000000000000e+00
0.000000000000000000e+00,0.000000000000000000e+00,0.000000000000000000e+00,0.000000000000000000e+00
0.000000000000000000e+00,0.000000000000000000e+00,0.000000000000000000e+00,0.000000000000000000e+00
0.000000000000000000e+00,0.000000000000000000e+00,0.000000000000000000e+00,0.000000000000000000e+00
0.000000000000000000e+00,0.000000000000000000e+00,0.000000000000000000e+00,0.000000000000000000e+00
0.000000000000000000e+00,0.000000000000000000e+00,0.000000000000000000e+00,0.000000000000000000e+00
0.000000000000000000e+00,0.000000000000000000e+00,0.000000000000000000e+00,0.000000000000000000e+00
0.000000000000000000e+00,0.000000000000000000e+00,0.000000000000000000e+00,0.000000000000000000e+00
0.000000000000000000e+00,0.000000000000000000e+00,0.000000000000000000e+00,0.000000000000000000e+00
0.000000000000000000e+00,0.000000000000000000e+00,0.000000000000000000e+00,0.000000000000000000e+00
0.000000000000000000e+00,0.000000000000000000e+00,0.000000000000000000e+00,0.000000000000000000e+00
0.000000000000000000e+00,0.000000000000000000e+00,0.000000000000000000e+00,0.000000000000000000e+00
0.000000000000000000e+00,0.000000000000000000e+00,0.000000000000000000e+00,0.000000000000000000e+00
0.000000000000000000e+00,0.000000000000000000e+00,0.000000000000000000e+00,0.000000000000000000e+00
0.000000000000000000e+00,0.000000000000000000e+00,0.000000000000000000e+00,0.000000000000000000e+00
0.000000000000000000e+00,0.000000000000000000e+00,0.000000000000000000e+00,0.000000000000000000e+00
0.000000000000000000e+00,0.000000000000000000e+00,0.000000000000000000e+00,0.000000000000000000e+00
0.000000000000000000e+00,0.000000000000000000e+00,0.000000000000000000e+00,0.000000000000000000e+00
0.000000000000000000e+00,0.000000000000000000e+00,0.000000000000000000e+00,0.000000000000000000e+00
0.000000000000000000e+00,0.000000000000000000e+00,0.000000000000000000e+00,0.000000000000000000e+00
0.000000000000000000e+00,0.000000000000000000e+00,0.000000000000000000e+00,0.000000000000000000e+00
0.000000000000000000e+00,0.000000000000000000e+00,0.000000000000000000e+00,0.000000000000000000e+00
0.000000000000000000e+00,0.000000000000000000e+00,0.000000000000000000e+00,0.000000000000000000e+00
0.000000000000000000e+00,0.000000000000000000e+00,0.000000000000000000e+00,0.000000000000000000e+00
0.000000000000000000e+00,0.000000000000000000e+00,0.000000000000000000e+00,0.000000000000000000e+00
0.000000000000000000e+00,0.000000000000000000e+00,0.000000000000000000e+00,0.000000000000000000e+00
0.000000000000000000e+00,0.000000000000000000e+00,0.000000000000000000e+00,0.000000000000000000e+00
0.000000000000000000e+00,0.000000000000000000e+00,0.000000000000000000e+00,0.000000000000000000e+00
0.000000000000000000e+00,0.000000000000000000e+00,0.000000000000000000e+00,0.000000000000000000e+00
0.000000000000000000e+00,0.000000000000000000e+00,0.000000000000000000e+00,0.000000000000000000e+00
0.000000000000000000e+00,0.000000000000000000e+00,0.000000000000000000e+00,0.000000000000000000e+00
0.000000000000000000e+00,0.000000000000000000e+00,0.000000000000000000e+00,0.000000000000000000e+00
0.000000000000000000e+00,0.000000000000000000e+00,0.000000000000000000e+00,0.000000000000000000e+00
0.000000000000000000e+00,0.000000000000000000e+00,0.000000000000000000e+00,0.000000000000000000e+00
0.000000000000000000e+00,0.000000000000000000e+00,0.000000000000000000e+00,0.000000000000000000e+00
0.000000000000000000e+00,0.000000000000000000e+00,0.000000000000000000e+00,0.000000000000000000e+00
0.000000000000000000e+00,0.000000000000000000e+00,0.000000000000000000e+00,0.000000000000000000e+00
0.000000000000000000e+00,0.000000000000000000e+00,0.000000000000000000e+00,0.000000000000000000e+00
0.000000000000000000e+00,0.000000000000000000e+00,0.000000000000000000e+00,0.000000000000000000e+00
0.000000000000000000e+00,0.000000000000000000e+00,0.000000000000000000e+00,0.000000000000000000e+00
0.000000000000000000e+00,0.000000000000000000e+00,0.000000000000000000e+00,0.000000000000000000e+00
0.000000000000000000e+00,0.000000000000000000e+00,0.000000000000000000e+00,0.000000000000000000e+00
0.000000000000000000e+00,0.000000000000000000e+00,0.000000000000000000e+00,0.000000000000000000e+00
0.000000000000000000e+00,0.000000000000000000e+00,0.000000000000000000e+00,0.000000000000000000e+00
0.000000000000000000e+00,0.000000000000000000e+00,0.000000000000000000e+00,0.000000000000000000e+00
0.000000000000000000e+00,0.000000000000000000e+00,0.000000000000000000e+00,0.000000000000000000e+00
0.000000000000000000e+00,0.000000000000000000e+00,0.000000000000000000e+00,0.000000000000000000e+00
0.000000000000000000e+00,0.000000000000000000e+00,0.000000000000000000e+00,0.000000000000000000e+00
0.000000000000000000e+00,0.000000000000000000e+00,0.000000000000000000e+00,0.000000000000000000e+00
0.000000000000000000e+00,0.000000000000000000e+00,0.000000000000000000e+00,0.000000000000000000e+00
0.000000000000000000e+00,0.000000000000000000e+00,0.000000000000000000e+00,0.000000000000000000e+00
0.000000000000000000e+00,0.000000000000000000e+00,0.000000000000000000e+00,0.000000000000000000e+00
0.000000000000000000e+00,0.000000000000000000e+00,0.000000000000000000e+00,0.000000000000000000e+00
0.000000000000000000e+00,0.000000000000000000e+00,0.000000000000000000e+00,0.000000000000000000e+00
0.000000000000000000e+00,0.000000000000000000e+00,0.000000000000000000e+00,0.000000000000000000e+00
0.000000000000000000e+00,0.000000000000000000e+00,0.000000000000000000e+00,0.000000000000000000e+00
0.000000000000000000e+00,0.000000000000000000e+00,0.000000000000000000e+00,0.000000000000000000e+00
0.000000000000000000e+00,0.000000000000000000e+00,0.000000000000000000e+00,0.000000000000000000e+00
0.000000000000000000e+00,9.250202000000000000e+06,0.000000000000000000e+00,9.250206000000000000e+06
0.000000000000000000e+00,9.250210000000000000e+06,0.000000000000000000e+00,9.250214000000000000e+06
0.000000000000000000e+00,9.250217000000000000e+06,0.000000000000000000e+00,9.250221000000000000e+06
0.000000000000000000e+00,9.250225000000000000e+06,0.000000000000000000e+00,9.250229000000000000e+06
0.000000000000000000e+00,9.250233000000000000e+06,0.000000000000000000e+00,9.250237000000000000e+06
0.000000000000000000e+00,9.250240000000000000e+06,0.000000000000000000e+00,9.250244000000000000e+06
0.000000000000000000e+00,9.250248000000000000e+06,0.000000000000000000e+00,9.250252000000000000e+06
0.000000000000000000e+00,9.250256000000000000e+06,0.000000000000000000e+00,9.250259000000000000e+06
0.000000000000000000e+00,9.250263000000000000e+06,0.000000000000000000e+00,9.250267000000000000e+06
0.000000000000000000e+00,9.250271000000000000e+06,0.000000000000000000e+00,9.250275000000000000e+06
0.000000000000000000e+00,9.250278000000000000e+06,0.000000000000000000e+00,9.250282000000000000e+06
0.000000000000000000e+00,9.250286000000000000e+06,0.000000000000000000e+00,9.250290000000000000e+06
0.000000000000000000e+00,9.250294000000000000e+06,0.000000000000000000e+00,9.250298000000000000e+06
0.000000000000000000e+00,9.250301000000000000e+06,0.000000000000000000e+00,9.250305000000000000e+06
0.000000000000000000e+00,9.250309000000000000e+06,0.000000000000000000e+00,9.250313000000000000e+06
0.000000000000000000e+00,9.250317000000000000e+06,0.000000000000000000e+00,9.250320000000000000e+06
0.000000000000000000e+00,9.250324000000000000e+06,0.000000000000000000e+00,9.250328000000000000e+06
0.000000000000000000e+00,9.250332000000000000e+06,0.000000000000000000e+00,9.250336000000000000e+06
0.000000000000000000e+00,9.250340000000000000e+06,0.000000000000000000e+00,9.250343000000000000e+06
0.000000000000000000e+00,9.250347000000000000e+06,0.000000000000000000e+00,9.250351000000000000e+06
0.000000000000000000e+00,9.250355000000000000e+06,0.000000000000000000e+00,9.250359000000000000e+06
0.000000000000000000e+00,9.250362000000000000e+06,0.000000000000000000e+00,9.250366000000000000e+06
0.000000000000000000e+00,9.250370000000000000e+06,0.000000000000000000e+00,9.250374000000000000e+06
0.000000000000000000e+00,9.250378000000000000e+06,0.000000000000000000e+00,9.250381000000000000e+06
0.000000000000000000e+00,9.250385000000000000e+06,0.000000000000000000e+00,9.250389000000000000e+06
0.000000000000000000e+00,9.250393000000000000e+06,0.000000000000000000e+00,9.250397000000000000e+06
0.000000000000000000e+00,9.250401000000000000e+06,0.000000000000000000e+00,9.250404000000000000e+06
0.000000000000000000e+00,9.250408000000000000e+06,0.000000000000000000e+00,9.250412000000000000e+06
0.000000000000000000e+00,9.250416000000000000e+06,0.000000000000000000e+00,9.250420000000000000e+06
0.000000000000000000e+00,9.250423000000000000e+06,0.000000000000000000e+00,9.250427000000000000e+06
0.000000000000000000e+00,9.250431000000000000e+06,0.000000000000000000e+00,9.250435000000000000e+06
0.000000000000000000e+00,9.250439000000000000e+06,0.000000000000000000e+00,9.250443000000000000e+06
0.000000000000000000e+00,9.250446000000000000e+06,0.000000000000000000e+00,9.250450000000000000e+06
0.000000000000000000e+00,9.250454000000000000e+06,0.000000000000000000e+00,9.250458000000000000e+06
0.000000000000000000e+00,9.250462000000000000e+06,0.000000000000000000e+00,9.250465000000000000e+06
0.000000000000000000e+00,9.250469000000000000e+06,0.000000000000000000e+00,9.250473000000000000e+06
0.000000000000000000e+00,9.250477000000000000e+06,0.000000000000000000e+00,9.250481000000000000e+06
0.000000000000000000e+00,9.250484000000000000e+06,0.000000000000000000e+00,9.250488000000000000e+06
0.000000000000000000e+00,9.250492000000000000e+06,0.000000000000000000e+00,9.250496000000000000e+06
0.000000000000000000e+00,9.250500000000000000e+06,0.000000000000000000e+00,9.250504000000000000e+06
0.000000000000000000e+00,9.250507000000000000e+06,0.000000000000000000e+00,9.250511000000000000e+06
0.000000000000000000e+00,9.250515000000000000e+06,0.000000000000000000e+00,9.250519000000000000e+06
0.000000000000000000e+00,9.250523000000000000e+06,0.000000000000000000e+00,9.250526000000000000e+06
0.000000000000000000e+00,9.250530000000000000e+06,0.000000000000000000e+00,9.250534000000000000e+06
0.000000000000000000e+00,9.250538000000000000e+06,0.000000000000000000e+00,9.250542000000000000e+06
0.000000000000000000e+00,9.250546000000000000e+06,0.000000000000000000e+00,9.250549000000000000e+06
0.000000000000000000e+00,9.250553000000000000e+06,0.000000000000000000e+00,9.250557000000000000e+06
0.000000000000000000e+00,9.250561000000000000e+06,0.000000000000000000e+00,9.250565000000000000e+06
0.000000000000000000e+00,9.250568000000000000e+06,0.000000000000000000e+00,9.250572000000000000e+06
0.000000000000000000e+00,9.250576000000000000e+06,0.000000000000000000e+00,9.250580000000000000e+06
0.000000000000000000e+00,9.250584000000000000e+06,0.000000000000000000e+00,9.250587000000000000e+06
0.000000000000000000e+00,9.250591000000000000e+06,0.000000000000000000e+00,9.250595000000000000e+06
0.000000000000000000e+00,9.250599000000000000e+06,0.000000000000000000e+00,9.250603000000000000e+06
0.000000000000000000e+00,9.250607000000000000e+06,0.000000000000000000e+00,9.250610000000000000e+06
0.000000000000000000e+00,9.250614000000000000e+06,0.000000000000000000e+00,9.250618000000000000e+06
0.000000000000000000e+00,9.250622000000000000e+06,0.000000000000000000e+00,9.250626000000000000e+06
0.000000000000000000e+00,9.250629000000000000e+06,0.000000000000000000e+00,9.250633000000000000e+06
0.000000000000000000e+00,9.250637000000000000e+06,0.000000000000000000e+00,9.250641000000000000e+06
0.000000000000000000e+00,9.250645000000000000e+06,0.000000000000000000e+00,9.250648000000000000e+06
0.000000000000000000e+00,9.250652000000000000e+06,0.000000000000000000e+00,9.250656000000000000e+06
0.000000000000000000e+00,9.250660000000000000e+06,0.000000000000000000e+00,9.250664000000000000e+06
0.000000000000000000e+00,9.250668000000000000e+06,0.000000000000000000e+00,9.250671000000000000e+06
0.000000000000000000e+00,9.250675000000000000e+06,0.000000000000000000e+00,9.250679000000000000e+06
0.000000000000000000e+00,9.250683000000000000e+06,0.000000000000000000e+00,9.250687000000000000e+06
0.000000000000000000e+00,9.250690000000000000e+06,0.000000000000000000e+00,9.250694000000000000e+06
0.000000000000000000e+00,9.250698000000000000e+06,0.000000000000000000e+00,9.250702000000000000e+06
0.000000000000000000e+00,9.250706000000000000e+06,0.000000000000000000e+00,9.250710000000000000e+06
0.000000000000000000e+00,9.250713000000000000e+06,0.000000000000000000e+00,9.250717000000000000e+06
0.000000000000000000e+00,9.250721000000000000e+06,0.000000000000000000e+00,9.250725000000000000e+06
0.000000000000000000e+00,9.250729000000000000e+06,0.000000000000000000e+00,9.250732000000000000e+06
0.000000000000000000e+00,9.250736000000000000e+06,0.000000000000000000e+00,9.250740000000000000e+06
0.000000000000000000e+00,9.250744000000000000e+06,0.000000000000000000e+00,9.250748000000000000e+06
0.000000000000000000e+00,9.250751000000000000e+06,0.000000000000000000e+00,9.250755000000000000e+06
0.000000000000000000e+00,9.250759000000000000e+06,0.000000000000000000e+00,9.250763000000000000e+06
0.000000000000000000e+00,9.250767000000000000e+06,0.000000000000000000e+00,9.250771000000000000e+06
0.000000000000000000e+00,9.250774000000000000e+06,0.000000000000000000e+00,9.250778000000000000e+06
0.000000000000000000e+00,9.250782000000000000e+06,0.000000000000000000e+00,9.250786000000000000e+06
0.000000000000000000e+00,9.250790000000000000e+06,0.000000000000000000e+00,9.250793000000000000e+06
0.000000000000000000e+00,9.250797000000000000e+06,0.000000000000000000e+00,9.250801000000000000e+06
0.000000000000000000e+00,9.250805000000000000e+06,0.000000000000000000e+00,9.250809000000000000e+06
0.000000000000000000e+00,9.250813000000000000e+06,0.000000000000000000e+00,9.250816000000000000e+06
0.000000000000000000e+00,9.250820000000000000e+06,0.000000000000000000e+00,9.250824000000000000e+06
0.000000000000000000e+00,9.250828000000000000e+06,0.000000000000000000e+00,9.250832000000000000e+06
0.000000000000000000e+00,9.250835000000000000e+06,0.000000000000000000e+00,9.250839000000000000e+06
0.000000000000000000e+00,9.250843000000000000e+06,0.000000000000000000e+00,9.250847000000000000e+06
0.000000000000000000e+00,9.250851000000000000e+06,0.000000000000000000e+00,9.250854000000000000e+06
0.000000000000000000e+00,9.250858000000000000e+06,0.000000000000000000e+00,9.250862000000000000e+06
0.000000000000000000e+00,9.250866000000000000e+06,0.000000000000000000e+00,9.250870000000000000e+06
0.000000000000000000e+00,9.250874000000000000e+06,0.000000000000000000e+00,9.250877000000000000e+06
0.000000000000000000e+00,9.250881000000000000e+06,0.000000000000000000e+00,9.250885000000000000e+06
0.000000000000000000e+00,9.250889000000000000e+06,0.000000000000000000e+00,9.250893000000000000e+06
0.000000000000000000e+00,9.250896000000000000e+06,0.000000000000000000e+00,9.250900000000000000e+06
0.000000000000000000e+00,9.250904000000000000e+06,0.000000000000000000e+00,9.250908000000000000e+06
0.000000000000000000e+00,9.250912000000000000e+06,0.000000000000000000e+00,9.250916000000000000e+06
0.000000000000000000e+00,9.250919000000000000e+06,0.000000000000000000e+00,9.250923000000000000e+06
0.000000000000000000e+00,9.250927000000000000e+06,0.000000000000000000e+00,9.250931000000000000e+06
0.000000000000000000e+00,9.250935000000000000e+06,0.000000000000000000e+00,9.250938000000000000e+06
0.000000000000000000e+00,9.250942000000000000e+06,0.000000000000000000e+00,9.250946000000000000e+06
0.000000000000000000e+00,9.250950000000000000e+06,0.000000000000000000e+00,9.250954000000000000e+06
0.000000000000000000e+00,9.250957000000000000e+06,0.000000000000000000e+00,9.250961000000000000e+06
0.000000000000000000e+00,9.250965000000000000e+06,0.000000000000000000e+00,9.250969000000000000e+06
0.000000000000000000e+00,9.250973000000000000e+06,0.000000000000000000e+00,9.250977000000000000e+06
0.000000000000000000e+00,9.250980000000000000e+06,0.000000000000000000e+00,9.250984000000000000e+06
0.000000000000000000e+00,9.250988000000000000e+06,0.000000000000000000e+00,9.250992000000000000e+06
0.000000000000000000e+00,9.250996000000000000e+06,0.000000000000000000e+00,9.250999000000000000e+06
0.000000000000000000e+00,9.251003000000000000e+06,0.000000000000000000e+00,9.251007000000000000e+06
0.000000000000000000e+00,9.251011000000000000e+06,0.000000000000000000e+00,9.251015000000000000e+06
0.000000000000000000e+00,9.251019000000000000e+06,0.000000000000000000e+00,9.251022000000000000e+06
0.000000000000000000e+00,9.251026000000000000e+06,0.000000000000000000e+00,9.251030000000000000e+06
0.000000000000000000e+00,9.251034000000000000e+06,0.000000000000000000e+00,9.251038000000000000e+06
0.000000000000000000e+00,9.251041000000000000e+06,0.000000000000000000e+00,9.251045000000000000e+06
0.000000000000000000e+00,9.251049000000000000e+06,0.000000000000000000e+00,9.251053000000000000e+06
0.000000000000000000e+00,9.251057000000000000e+06,0.000000000000000000e+00,9.251060000000000000e+06
0.000000000000000000e+00,9.251064000000000000e+06,0.000000000000000000e+00,9.251068000000000000e+06
0.000000000000000000e+00,9.251072000000000000e+06,0.000000000000000000e+00,9.251076000000000000e+06
0.000000000000000000e+00,9.251080000000000000e+06,0.000000000000000000e+00,9.251083000000000000e+06
0.000000000000000000e+00,9.251087000000000000e+06,0.000000000000000000e+00,9.251091000000000000e+06
0.000000000000000000e+00,9.251095000000000000e+06,0.000000000000000000e+00,9.251099000000000000e+06
0.000000000000000000e+00,9.251102000000000000e+06,0.000000000000000000e+00,9.251106000000000000e+06
0.000000000000000000e+00,9.251110000000000000e+06,0.000000000000000000e+00,9.251114000000000000e+06
0.000000000000000000e+00,9.251118000000000000e+06,0.000000000000000000e+00,9.251122000000000000e+06
0.000000000000000000e+00,9.251125000000000000e+06,0.000000000000000000e+00,9.251129000000000000e+06
0.000000000000000000e+00,9.251133000000000000e+06,0.000000000000000000e+00,9.251137000000000000e+06
0.000000000000000000e+00,9.251141000000000000e+06,0.000000000000000000e+00,9.251144000000000000e+06
0.000000000000000000e+00,9.251148000000000000e+06,0.000000000000000000e+00,9.251152000000000000e+06
0.000000000000000000e+00,9.251156000000000000e+06,0.000000000000000000e+00,9.251160000000000000e+06
0.000000000000000000e+00,9.251163000000000000e+06,0.000000000000000000e+00,9.251167000000000000e+06
0.000000000000000000e+00,9.251171000000000000e+06,0.000000000000000000e+00,9.251175000000000000e+06
0.000000000000000000e+00,9.251179000000000000e+06,0.000000000000000000e+00,9.251183000000000000e+06
0.000000000000000000e+00,9.251186000000000000e+06,0.000000000000000000e+00,9.251190000000000000e+06
0.000000000000000000e+00,9.251194000000000000e+06,0.000000000000000000e+00,9.251198000000000000e+06
0.000000000000000000e+00,9.251202000000000000e+06,0.000000000000000000e+00,9.251205000000000000e+06
0.000000000000000000e+00,9.251209000000000000e+06,0.000000000000000000e+00,9.251213000000000000e+06
0.000000000000000000e+00,9.251217000000000000e+06,0.000000000000000000e+00,9.251221000000000000e+06
0.000000000000000000e+00,9.251225000000000000e+06,0.000000000000000000e+00,9.251228000000000000e+06
0.000000000000000000e+00,9.251232000000000000e+06,0.000000000000000000e+00,9.251236000000000000e+06
0.000000000000000000e+00,9.251240000000000000e+06,0.000000000000000000e+00,9.251244000000000000e+06
0.000000000000000000e+00,9.251247000000000000e+06,0.000000000000000000e+00,9.251251000000000000e+06
0.000000000000000000e+00,9.251255000000000000e+06,0.000000000000000000e+00,9.251259000000000000e+06
0.000000000000000000e+00,9.251263000000000000e+06,0.000000000000000000e+00,9.251266000000000000e+06
0.000000000000000000e+00,9.251270000000000000e+06,0.000000000000000000e+00,9.251274000000000000e+06
0.000000000000000000e+00,9.251278000000000000e+06,0.000000000000000000e+00,9.251282000000000000e+06
0.000000000000000000e+00,9.251286000000000000e+06,0.000000000000000000e+00,9.251289000000000000e+06
0.000000000000000000e+00,9.251293000000000000e+06,0.000000000000000000e+00,9.251297000000000000e+06
0.000000000000000000e+00,9.251301000000000000e+06,0.000000000000000000e+00,9.251305000000000000e+06
0.000000000000000000e+00,9.251308000000000000e+06,0.000000000000000000e+00,9.251312000000000000e+06
0.000000000000000000e+00,9.251316000000000000e+06,0.000000000000000000e+00,9.251320000000000000e+06
0.000000000000000000e+00,9.251324000000000000e+06,0.000000000000000000e+00,9.251328000000000000e+06
0.000000000000000000e+00,9.251331000000000000e+06,0.000000000000000000e+00,9.251335000000000000e+06
0.000000000000000000e+00,9.251339000000000000e+06,0.000000000000000000e+00,9.251343000000000000e+06
0.000000000000000000e+00,9.251347000000000000e+06,0.000000000000000000e+00,9.251350000000000000e+06
0.000000000000000000e+00,9.251354000000000000e+06,0.000000000000000000e+00,9.251358000000000000e+06
0.000000000000000000e+00,9.251362000000000000e+06,0.000000000000000000e+00,9.251366000000000000e+06
0.000000000000000000e+00,9.251369000000000000e+06,0.000000000000000000e+00,9.251373000000000000e+06
0.000000000000000000e+00,9.251377000000000000e+06,0.000000000000000000e+00,9.251381000000000000e+06
0.000000000000000000e+00,9.251385000000000000e+06,0.000000000000000000e+00,9.251389000000000000e+06
0.000000000000000000e+00,9.251392000000000000e+06,0.000000000000000000e+00,9.251396000000000000e+06
0.000000000000000000e+00,9.251400000000000000e+06,0.000000000000000000e+00,9.251404000000000000e+06
0.000000000000000000e+00,9.251408000000000000e+06,0.000000000000000000e+00,9.251411000000000000e+06
0.000000000000000000e+00,9.251415000000000000e+06,0.000000000000000000e+00,9.251419000000000000e+06
0.000000000000000000e+00,9.251423000000000000e+06,0.000000000000000000e+00,9.251427000000000000e+06
0.000000000000000000e+00,9.251431000000000000e+06,0.000000000000000000e+00,9.251434000000000000e+06
0.000000000000000000e+00,9.251438000000000000e+06,0.000000000000000000e+00,9.251442000000000000e+06
0.000000000000000000e+00,9.251446000000000000e+06,0.000000000000000000e+00,9.251450000000000000e+06
0.000000000000000000e+00,9.251453000000000000e+06,0.000000000000000000e+00,9.251457000000000000e+06
0.000000000000000000e+00,9.251461000000000000e+06,0.000000000000000000e+00,9.251465000000000000e+06
0.000000000000000000e+00,9.251469000000000000e+06,0.000000000000000000e+00,9.251472000000000000e+06
0.000000000000000000e+00,9.251476000000000000e+06,0.000000000000000000e+00,9.251480000000000000e+06
0.000000000000000000e+00,9.251484000000000000e+06,0.000000000000000000e+00,9.251488000000000000e+06
0.000000000000000000e+00,9.251492000000000000e+06,0.000000000000000000e+00,9.251495000000000000e+06
0.000000000000000000e+00,9.251499000000000000e+06,0.000000000000000000e+00,9.251503000000000000e+06
0.000000000000000000e+00,9.251507000000000000e+06,0.000000000000000000e+00,9.251511000000000000e+06
0.000000000000000000e+00,9.251514000000000000e+06,0.000000000000000000e+00,9.251518000000000000e+06
0.000000000000000000e+00,9.251522000000000000e+06,0.000000000000000000e+00,9.251526000000000000e+06
0.000000000000000000e+00,9.251530000000000000e+06,0.000000000000000000e+00,9.251534000000000000e+06
0.000000000000000000e+00,9.251537000000000000e+06,0.000000000000000000e+00,9.251541000000000000e+06
0.000000000000000000e+00,9.251545000000000000e+06,0.000000000000000000e+00,9.251549000000000000e+06
0.000000000000000000e+00,9.251553000000000000e+06,0.000000000000000000e+00,9.251556000000000000e+06
0.000000000000000000e+00,9.251560000000000000e+06,0.000000000000000000e+00,9.251564000000000000e+06
0.000000000000000000e+00,9.251568000000000000e+06,0.000000000000000000e+00,9.251572000000000000e+06
0.000000000000000000e+00,9.251575000000000000e+06,0.000000000000000000e+00,9.251579000000000000e+06
0.000000000000000000e+00,9.251583000000000000e+06,0.000000000000000000e+00,9.251587000000000000e+06
0.000000000000000000e+00,9.251591000000000000e+06,0.000000000000000000e+00,9.251595000000000000e+06
0.000000000000000000e+00,9.251598000000000000e+06,0.000000000000000000e+00,9.251602000000000000e+06
0.000000000000000000e+00,9.251606000000000000e+06,0.000000000000000000e+00,9.251610000000000000e+06
0.000000000000000000e+00,9.251614000000000000e+06,0.000000000000000000e+00,9.251617000000000000e+06
0.000000000000000000e+00,9.251621000000000000e+06,0.000000000000000000e+00,9.251625000000000000e+06
0.000000000000000000e+00,9.251629000000000000e+06,0.000000000000000000e+00,9.251633000000000000e+06
0.000000000000000000e+00,9.251637000000000000e+06,0.000000000000000000e+00,9.251640000000000000e+06
0.000000000000000000e+00,9.251644000000000000e+06,0.000000000000000000e+00,9.251648000000000000e+06
0.000000000000000000e+00,9.251652000000000000e+06,0.000000000000000000e+00,9.251656000000000000e+06
0.000000000000000000e+00,9.251659000000000000e+06,0.000000000000000000e+00,9.251663000000000000e+06
0.000000000000000000e+00,9.251667000000000000e+06,0.000000000000000000e+00,9.251671000000000000e+06
0.000000000000000000e+00,9.251675000000000000e+06,0.000000000000000000e+00,9.251678000000000000e+06
0.000000000000000000e+00,9.251682000000000000e+06,0.000000000000000000e+00,9.251686000000000000e+06
0.000000000000000000e+00,9.251690000000000000e+06,0.000000000000000000e+00,9.251694000000000000e+06
0.000000000000000000e+00,9.251698000000000000e+06,0.000000000000000000e+00,9.251701000000000000e+06
0.000000000000000000e+00,9.251705000000000000e+06,0.000000000000000000e+00,9.251709000000000000e+06
0.000000000000000000e+00,9.251713000000000000e+06,0.000000000000000000e+00,9.251717000000000000e+06
0.000000000000000000e+00,9.251720000000000000e+06,0.000000000000000000e+00,9.251724000000000000e+06
0.000000000000000000e+00,9.251728000000000000e+06,0.000000000000000000e+00,9.251732000000000000e+06
0.000000000000000000e+00,9.251736000000000000e+06,0.000000000000000000e+00,9.251740000000000000e+06
0.000000000000000000e+00,9.251743000000000000e+06,0.000000000000000000e+00,9.251747000000000000e+06
0.000000000000000000e+00,9.251751000000000000e+06,0.000000000000000000e+00,9.251755000000000000e+06
0.000000000000000000e+00,9.251759000000000000e+06,0.000000000000000000e+00,9.251762000000000000e+06
0.000000000000000000e+00,9.251766000000000000e+06,0.000000000000000000e+00,9.251770000000000000e+06
0.000000000000000000e+00,9.251774000000000000e+06,0.000000000000000000e+00,9.251778000000000000e+06
0.000000000000000000e+00,9.251781000000000000e+06,0.000000000000000000e+00,9.251785000000000000e+06
0.000000000000000000e+00,9.251789000000000000e+06,0.000000000000000000e+00,9.251793000000000000e+06
0.000000000000000000e+00,9.251797000000000000e+06,0.000000000000000000e+00,9.251801000000000000e+06
0.000000000000000000e+00,9.251804000000000000e+06,0.000000000000000000e+00,9.251808000000000000e+06
0.000000000000000000e+00,9.251812000000000000e+06,0.000000000000000000e+00,9.251816000000000000e+06
0.000000000000000000e+00,9.251820000000000000e+06,0.000000000000000000e+00,9.251823000000000000e+06
0.000000000000000000e+00,9.251827000000000000e+06,0.000000000000000000e+00,9.251831000000000000e+06
0.000000000000000000e+00,9.251835000000000000e+06,0.000000000000000000e+00,9.251839000000000000e+06
0.000000000000000000e+00,9.251842000000000000e+06,0.000000000000000000e+00,9.251846000000000000e+06
0.000000000000000000e+00,9.251850000000000000e+06,0.000000000000000000e+00,9.251854000000000000e+06
0.000000000000000000e+00,9.251858000000000000e+06,0.000000000000000000e+00,9.251862000000000000e+06
0.000000000000000000e+00,9.251865000000000000e+06,0.000000000000000000e+00,9.251869000000000000e+06
0.000000000000000000e+00,9.251873000000000000e+06,0.000000000000000000e+00,9.251877000000000000e+06
0.000000000000000000e+00,9.251881000000000000e+06,0.000000000000000000e+00,9.251884000000000000e+06
0.000000000000000000e+00,9.251888000000000000e+06,0.000000000000000000e+00,9.251892000000000000e+06
0.000000000000000000e+00,9.251896000000000000e+06,0.000000000000000000e+00,9.251900000000000000e+06
0.000000000000000000e+00,9.251904000000000000e+06,0.000000000000000000e+00,9.251907000000000000e+06
0.000000000000000000e+00,9.251911000000000000e+06,0.000000000000000000e+00,9.251915000000000000e+06
0.000000000000000000e+00,9.251919000000000000e+06,0.000000000000000000e+00,9.251923000000000000e+06
0.000000000000000000e+00,9.251926000000000000e+06,0.000000000000000000e+00,9.251930000000000000e+06
0.000000000000000000e+00,9.251934000000000000e+06,0.000000000000000000e+00,9.251938000000000000e+06
0.000000000000000000e+00,9.251942000000000000e+06,0.000000000000000000e+00,9.251945000000000000e+06
0.000000000000000000e+00,9.251949000000000000e+06,0.000000000000000000e+00,9.251953000000000000e+06
0.000000000000000000e+00,9.251957000000000000e+06,0.000000000000000000e+00,9.251961000000000000e+06
0.000000000000000000e+00,9.251965000000000000e+06,0.000000000000000000e+00,9.251968000000000000e+06
0.000000000000000000e+00,9.251972000000000000e+06,0.000000000000000000e+00,9.251976000000000000e+06
0.000000000000000000e+00,9.251980000000000000e+06,0.000000000000000000e+00,9.251984000000000000e+06
0.000000000000000000e+00,9.251987000000000000e+06,0.000000000000000000e+00,9.251991000000000000e+06
0.000000000000000000e+00,9.251995000000000000e+06,0.000000000000000000e+00,9.251999000000000000e+06
0.000000000000000000e+00,9.252003000000000000e+06,0.000000000000000000e+00,9.252007000000000000e+06
0.000000000000000000e+00,9.252010000000000000e+06,0.000000000000000000e+00,9.252014000000000000e+06
0.000000000000000000e+00,9.252018000000000000e+06,0.000000000000000000e+00,9.252022000000000000e+06
0.000000000000000000e+00,9.252026000000000000e+06,0.000000000000000000e+00,9.252029000000000000e+06
0.000000000000000000e+00,9.252033000000000000e+06,0.000000000000000000e+00,9.252037000000000000e+06
0.000000000000000000e+00,9.252041000000000000e+06,0.000000000000000000e+00,9.252045000000000000e+06
0.000000000000000000e+00,9.252048000000000000e+06,0.000000000000000000e+00,9.252052000000000000e+06
0.000000000000000000e+00,9.252056000000000000e+06,0.000000000000000000e+00,9.252060000000000000e+06
0.000000000000000000e+00,9.252064000000000000e+06,0.000000000000000000e+00,9.252068000000000000e+06
0.000000000000000000e+00,9.252071000000000000e+06,0.000000000000000000e+00,9.252075000000000000e+06
0.000000000000000000e+00,9.252079000000000000e+06,0.000000000000000000e+00,9.252083000000000000e+06
0.000000000000000000e+00,9.252087000000000000e+06,0.000000000000000000e+00,9.252090000000000000e+06
0.000000000000000000e+00,9.252094000000000000e+06,0.000000000000000000e+00,9.252098000000000000e+06
0.000000000000000000e+00,9.252102000000000000e+06,0.000000000000000000e+00,9.252106000000000000e+06
0.000000000000000000e+00,9.252110000000000000e+06,0.000000000000000000e+00,9.252113000000000000e+06
0.000000000000000000e+00,9.252117000000000000e+06,0.000000000000000000e+00,9.252121000000000000e+06
0.000000000000000000e+00,9.252125000000000000e+06,0.000000000000000000e+00,9.252129000000000000e+06
0.000000000000000000e+00,9.252132000000000000e+06,0.000000000000000000e+00,9.252136000000000000e+06
0.000000000000000000e+00,9.252140000000000000e+06,0.000000000000000000e+00,9.252144000000000000e+06
0.000000000000000000e+00,9.252148000000000000e+06,0.000000000000000000e+00,9.252151000000000000e+06
0.000000000000000000e+00,9.252155000000000000e+06,0.000000000000000000e+00,9.252159000000000000e+06
0.000000000000000000e+00,9.252163000000000000e+06,0.000000000000000000e+00,9.252167000000000000e+06
0.000000000000000000e+00,9.252171000000000000e+06,0.000000000000000000e+00,9.252174000000000000e+06
0.000000000000000000e+00,9.252178000000000000e+06,0.000000000000000000e+00,9.252182000000000000e+06
0.000000000000000000e+00,9.252186000000000000e+06,0.000000000000000000e+00,9.252190000000000000e+06
0.000000000000000000e+00,9.252193000000000000e+06,0.000000000000000000e+00,9.252197000000000000e+06
0.000000000000000000e+00,9.252201000000000000e+06,0.000000000000000000e+00,9.252205000000000000e+06
0.000000000000000000e+00,9.252209000000000000e+06,0.000000000000000000e+00,9.252213000000000000e+06
0.000000000000000000e+00,9.252216000000000000e+06,0.000000000000000000e+00,9.252220000000000000e+06
0.000000000000000000e+00,9.252224000000000000e+06,0.000000000000000000e+00,9.252228000000000000e+06
0.000000000000000000e+00,9.252232000000000000e+06,0.000000000000000000e+00,9.252235000000000000e+06
0.000000000000000000e+00,9.252239000000000000e+06,0.000000000000000000e+00,9.252243000000000000e+06
0.000000000000000000e+00,9.252247000000000000e+06,0.000000000000000000e+00,9.252251000000000000e+06
0.000000000000000000e+00,9.252254000000000000e+06,0.000000000000000000e+00,9.252258000000000000e+06
0.000000000000000000e+00,9.252262000000000000e+06,0.000000000000000000e+00,9.252266000000000000e+06
0.000000000000000000e+00,9.252270000000000000e+06,0.000000000000000000e+00,9.252274000000000000e+06
0.000000000000000000e+00,9.252277000000000000e+06,0.000000000000000000e+00,9.252281000000000000e+06
0.000000000000000000e+00,9.252285000000000000e+06,0.000000000000000000e+00,9.252289000000000000e+06
0.000000000000000000e+00,9.252293000000000000e+06,0.000000000000000000e+00,9.252296000000000000e+06
0.000000000000000000e+00,9.252300000000000000e+06,0.000000000000000000e+00,9.252304000000000000e+06
0.000000000000000000e+00,9.252308000000000000e+06,0.000000000000000000e+00,9.252312000000000000e+06
0.000000000000000000e+00,9.252316000000000000e+06,0.000000000000000000e+00,9.252319000000000000e+06
0.000000000000000000e+00,9.252323000000000000e+06,0.000000000000000000e+00,9.252327000000000000e+06
0.000000000000000000e+00,9.252331000000000000e+06,0.000000000000000000e+00,9.252335000000000000e+06
0.000000000000000000e+00,9.252338000000000000e+06,0.000000000000000000e+00,9.252342000000000000e+06
0.000000000000000000e+00,9.252346000000000000e+06,0.000000000000000000e+00,9.252350000000000000e+06
0.000000000000000000e+00,9.252354000000000000e+06,0.000000000000000000e+00,9.252357000000000000e+06
0.000000000000000000e+00,9.252361000000000000e+06,0.000000000000000000e+00,9.252365000000000000e+06
0.000000000000000000e+00,9.252369000000000000e+06,0.000000000000000000e+00,9.252373000000000000e+06
0.000000000000000000e+00,9.252377000000000000e+06,0.000000000000000000e+00,9.252380000000000000e+06
0.000000000000000000e+00,9.252384000000000000e+06,0.000000000000000000e+00,9.252388000000000000e+06
0.000000000000000000e+00,9.252392000000000000e+06,0.000000000000000000e+00,9.252396000000000000e+06
0.000000000000000000e+00,9.252399000000000000e+06,0.000000000000000000e+00,9.252403000000000000e+06
0.000000000000000000e+00,9.252407000000000000e+06,0.000000000000000000e+00,9.252411000000000000e+06
0.000000000000000000e+00,9.252415000000000000e+06,0.000000000000000000e+00,9.252419000000000000e+06
0.000000000000000000e+00,9.252422000000000000e+06,0.000000000000000000e+00,9.252426000000000000e+06
0.000000000000000000e+00,9.252430000000000000e+06,0.000000000000000000e+00,9.252434000000000000e+06
0.000000000000000000e+00,9.252438000000000000e+06,0.000000000000000000e+00,9.252441000000000000e+06
0.000000000000000000e+00,9.252445000000000000e+06,0.000000000000000000e+00,9.252449000000000000e+06
0.000000000000000000e+00,9.252453000000000000e+06,0.000000000000000000e+00,9.252457000000000000e+06
0.000000000000000000e+00,9.252460000000000000e+06,0.000000000000000000e+00,9.252464000000000000e+06
0.000000000000000000e+00,9.252468000000000000e+06,0.000000000000000000e+00,9.252472000000000000e+06
0.000000000000000000e+00,9.252476000000000000e+06,0.000000000000000000e+00,9.252480000000000000e+06
0.000000000000000000e+00,9.252483000000000000e+06,0.000000000000000000e+00,9.252487000000000000e+06
0.000000000000000000e+00,9.252491000000000000e+06,0.000000000000000000e+00,9.252495000000000000e+06
0.000000000000000000e+00,9.252499000000000000e+06,0.000000000000000000e+00,9.252502000000000000e+06
0.000000000000000000e+00,9.252506000000000000e+06,0.000000000000000000e+00,9.252510000000000000e+06
0.000000000000000000e+00,9.252514000000000000e+06,0.000000000000000000e+00,9.252518000000000000e+06
0.000000000000000000e+00,9.252522000000000000e+06,0.000000000000000000e+00,9.252525000000000000e+06
0.000000000000000000e+00,9.252529000000000000e+06,0.000000000000000000e+00,9.252533000000000000e+06
0.000000000000000000e+00,9.252537000000000000e+06,0.000000000000000000e+00,9.252541000000000000e+06
0.000000000000000000e+00,9.252544000000000000e+06,0.000000000000000000e+00,9.252548000000000000e+06
0.000000000000000000e+00,9.252552000000000000e+06,0.000000000000000000e+00,9.252556000000000000e+06
0.000000000000000000e+00,9.252560000000000000e+06,0.000000000000000000e+00,9.252563000000000000e+06
0.000000000000000000e+00,9.252567000000000000e+06,0.000000000000000000e+00,9.252571000000000000e+06
0.000000000000000000e+00,9.252575000000000000e+06,0.000000000000000000e+00,9.252579000000000000e+06
0.000000000000000000e+00,9.252583000000000000e+06,0.000000000000000000e+00,9.252586000000000000e+06
0.000000000000000000e+00,9.252590000000000000e+06,0.000000000000000000e+00,9.252594000000000000e+06
0.000000000000000000e+00,9.252598000000000000e+06,0.000000000000000000e+00,9.252602000000000000e+06
0.000000000000000000e+00,9.252605000000000000e+06,0.000000000000000000e+00,9.252609000000000000e+06
0.000000000000000000e+00,9.252613000000000000e+06,0.000000000000000000e+00,9.252617000000000000e+06
0.000000000000000000e+00,9.252621000000000000e+06,0.000000000000000000e+00,9.252625000000000000e+06
0.000000000000000000e+00,9.252628000000000000e+06,0.000000000000000000e+00,9.252632000000000000e+06
0.000000000000000000e+00,9.252636000000000000e+06,0.000000000000000000e+00,9.252640000000000000e+06
0.000000000000000000e+00,9.252644000000000000e+06,0.000000000000000000e+00,9.252647000000000000e+06
0.000000000000000000e+00,9.252651000000000000e+06,0.000000000000000000e+00,9.252655000000000000e+06
0.000000000000000000e+00,9.252659000000000000e+06,0.000000000000000000e+00,9.252663000000000000e+06
0.000000000000000000e+00,9.252666000000000000e+06,0.000000000000000000e+00,9.252670000000000000e+06
0.000000000000000000e+00,9.252674000000000000e+06,0.000000000000000000e+00,9.252678000000000000e+06
0.000000000000000000e+00,9.252682000000000000e+06,0.000000000000000000e+00,9.252686000000000000e+06
0.000000000000000000e+00,9.252689000000000000e+06,0.000000000000000000e+00,9.252693000000000000e+06
0.000000000000000000e+00,9.252697000000000000e+06,0.000000000000000000e+00,9.252701000000000000e+06
0.000000000000000000e+00,9.252705000000000000e+06,0.000000000000000000e+00,9.252708000000000000e+06
0.000000000000000000e+00,9.252712000000000000e+06,0.000000000000000000e+00,9.252716000000000000e+06
0.000000000000000000e+00,9.252720000000000000e+06,0.000000000000000000e+00,9.252724000000000000e+06
0.000000000000000000e+00,9.252728000000000000e+06,0.000000000000000000e+00,9.252731000000000000e+06
0.000000000000000000e+00,9.252735000000000000e+06,0.000000000000000000e+00,9.252739000000000000e+06
0.000000000000000000e+00,9.252743000000000000e+06,0.000000000000000000e+00,9.252747000000000000e+06
0.000000000000000000e+00,9.252750000000000000e+06,0.000000000000000000e+00,9.252754000000000000e+06
0.000000000000000000e+00,9.252758000000000000e+06,0.000000000000000000e+00,9.252762000000000000e+06
0.000000000000000000e+00,9.252766000000000000e+06,0.000000000000000000e+00,9.252769000000000000e+06
0.000000000000000000e+00,9.252773000000000000e+06,0.000000000000000000e+00,9.252777000000000000e+06
0.000000000000000000e+00,9.252781000000000000e+06,0.000000000000000000e+00,9.252785000000000000e+06
0.000000000000000000e+00,9.252789000000000000e+06,0.000000000000000000e+00,9.252792000000000000e+06
0.000000000000000000e+00,9.252796000000000000e+06,0.000000000000000000e+00,9.252800000000000000e+06
0.000000000000000000e+00,9.252804000000000000e+06,0.000000000000000000e+00,9.252808000000000000e+06
0.000000000000000000e+00,9.252811000000000000e+06,0.000000000000000000e+00,9.252815000000000000e+06
0.000000000000000000e+00,9.252819000000000000e+06,0.000000000000000000e+00,9.252823000000000000e+06
0.000000000000000000e+00,9.252827000000000000e+06,0.000000000000000000e+00,9.252831000000000000e+06
0.000000000000000000e+00,9.252834000000000000e+06,0.000000000000000000e+00,9.252838000000000000e+06
0.000000000000000000e+00,9.252842000000000000e+06,0.000000000000000000e+00,9.252846000000000000e+06
0.000000000000000000e+00,9.252850000000000000e+06,0.000000000000000000e+00,9.252853000000000000e+06
0.000000000000000000e+00,9.252857000000000000e+06,0.000000000000000000e+00,9.252861000000000000e+06
0.000000000000000000e+00,9.252865000000000000e+06,0.000000000000000000e+00,9.252869000000000000e+06
0.000000000000000000e+00,9.252872000000000000e+06,0.000000000000000000e+00,9.252876000000000000e+06
0.000000000000000000e+00,9.252880000000000000e+06,0.000000000000000000e+00,9.252884000000000000e+06
0.000000000000000000e+00,9.252888000000000000e+06,0.000000000000000000e+00,9.252892000000000000e+06
0.000000000000000000e+00,9.252895000000000000e+06,0.000000000000000000e+00,9.252899000000000000e+06
0.000000000000000000e+00,9.252903000000000000e+06,0.000000000000000000e+00,9.252907000000000000e+06
0.000000000000000000e+00,9.252911000000000000e+06,0.000000000000000000e+00,9.252914000000000000e+06
0.000000000000000000e+00,9.252918000000000000e+06,0.000000000000000000e+00,9.252922000000000000e+06
0.000000000000000000e+00,9.252926000000000000e+06,0.000000000000000000e+00,9.252930000000000000e+06
0.000000000000000000e+00,9.252934000000000000e+06,0.000000000000000000e+00,9.252937000000000000e+06
0.000000000000000000e+00,9.252941000000000000e+06,0.000000000000000000e+00,9.252945000000000000e+06
0.000000000000000000e+00,9.252949000000000000e+06,0.000000000000000000e+00,9.252953000000000000e+06
0.000000000000000000e+00,9.252956000000000000e+06,0.000000000000000000e+00,9.252960000000000000e+06
0.000000000000000000e+00,9.252964000000000000e+06,0.000000000000000000e+00,9.252968000000000000e+06
0.000000000000000000e+00,9.252972000000000000e+06,0.000000000000000000e+00,9.252975000000000000e+06
0.000000000000000000e+00,9.252979000000000000e+06,0.000000000000000000e+00,9.252983000000000000e+06
0.000000000000000000e+00,9.252987000000000000e+06,0.000000000000000000e+00,9.252991000000000000e+06
0.000000000000000000e+00,9.252995000000000000e+06,0.000000000000000000e+00,9.252998000000000000e+06
0.000000000000000000e+00,9.253002000000000000e+06,0.000000000000000000e+00,9.253006000000000000e+06
0.000000000000000000e+00,9.253010000000000000e+06,0.000000000000000000e+00,9.253014000000000000e+06
0.000000000000000000e+00,9.253017000000000000e+06,0.000000000000000000e+00,9.253021000000000000e+06
0.000000000000000000e+00,9.253025000000000000e+06,0.000000000000000000e+00,9.253029000000000000e+06
0.000000000000000000e+00,9.253033000000000000e+06,0.000000000000000000e+00,9.253036000000000000e+06
0.000000000000000000e+00,9.253040000000000000e+06,0.000000000000000000e+00,9.253044000000000000e+06
0.000000000000000000e+00,9.253048000000000000e+06,0.000000000000000000e+00,9.253052000000000000e+06
0.000000000000000000e+00,9.253056000000000000e+06,0.000000000000000000e+00,9.253059000000000000e+06
